date,cp,pb,pe,B,B Grow,E,E Grow,ROE
2006/1/25,1270.83,1.7,10.99,747.55,,115.64,,0.1547
2006/2/10,1313.82,1.75,11.31,750.75,,116.16,,0.1547
2006/2/17,1312.57,1.73,11.27,758.71,,116.47,,0.1535
2006/2/24,1343.83,1.78,11.67,754.96,,115.15,,0.1525
2006/3/3,1317.52,1.74,11.46,757.2,,114.97,,0.1518
2006/3/10,1263.43,1.63,10.93,775.11,,115.59,,0.1491
2006/3/17,1302.68,1.62,11.85,804.12,,109.93,,0.1367
2006/3/24,1338.49,1.62,12.23,826.23,,109.44,,0.1325
2006/3/31,1389.01,1.67,12.71,831.74,,109.28,,0.1314
2006/4/7,1451.91,1.73,13.21,839.25,,109.91,,0.131
2006/4/14,1481.21,1.79,14.58,827.49,,101.59,,0.1228
2006/4/21,1521.48,1.83,15.28,831.41,,99.57,,0.1198
2006/4/28,1503.23,1.74,14.53,863.93,,103.46,,0.1198
2006/5/12,1606.3,1.84,15.49,872.99,,103.7,,0.1188
2006/5/19,1714.32,1.95,16.48,879.14,,104.02,,0.1183
2006/5/26,1700.36,1.88,16.14,904.45,,105.35,,0.1165
2006/6/2,1736.0,1.92,16.47,904.17,,105.4,,0.1166
2006/6/9,1640.68,1.82,15.68,901.47,,104.64,,0.1161
2006/6/16,1677.43,1.86,15.94,901.84,,105.23,,0.1167
2006/6/23,1678.22,1.86,16.36,902.27,,102.58,,0.1137
2006/6/30,1768.04,1.97,17.01,897.48,,103.94,,0.1158
2006/7/7,1786.91,2.0,17.14,893.46,,104.25,,0.1167
2006/7/14,1741.3,1.92,16.28,906.93,,106.96,,0.1179
2006/7/21,1737.04,1.92,16.18,904.71,,107.36,,0.1187
2006/7/28,1698.33,1.87,15.71,908.2,,108.11,,0.119
2006/8/4,1574.07,1.72,14.38,915.16,,109.46,,0.1196
2006/8/11,1613.31,1.75,14.95,921.89,,107.91,,0.1171
2006/8/18,1614.17,1.71,13.99,943.96,,115.38,,0.1222
2006/8/25,1640.24,1.72,13.95,953.63,,117.58,,0.1233
2006/9/1,1692.65,1.77,14.18,956.3,,119.37,,0.1248
2006/9/8,1683.24,1.75,14.06,961.85,,119.72,,0.1245
2006/9/15,1718.49,1.79,14.36,960.05,,119.67,,0.1247
2006/9/22,1739.11,1.8,14.42,966.17,,120.6,,0.1248
2006/9/29,1759.35,1.82,14.58,966.68,,120.67,,0.1248
2006/10/13,1787.4,1.87,15.02,955.83,,119.0,,0.1245
2006/10/20,1830.0,1.89,15.21,968.25,,120.32,,0.1243
2006/10/27,1841.09,1.88,14.87,979.3,,123.81,,0.1264
2006/11/3,1913.82,1.93,14.04,991.62,,136.31,,0.1375
2006/11/10,1918.9,1.92,14.01,999.43,,136.97,,0.137
2006/11/17,2003.78,2.0,14.54,1001.89,,137.81,,0.1376
2006/11/24,2083.34,2.08,15.11,1001.61,,137.88,,0.1377
2006/12/1,2255.78,2.25,16.36,1002.57,,137.88,,0.1375
2006/12/8,2211.34,2.21,16.05,1000.61,,137.78,,0.1377
2006/12/15,2398.78,2.37,17.28,1012.14,,138.82,,0.1372
2006/12/22,2436.5,2.39,17.39,1019.46,,140.11,,0.1374
2006/12/29,2552.9,2.51,18.7,1017.09,,136.52,,0.1342
2007/1/5,2607.99,2.6,19.33,1003.07,,134.92,,0.1345
2007/1/12,2780.46,2.77,20.64,1003.78,,134.71,,0.1342
2007/1/19,3075.08,3.07,22.84,1001.65,,134.64,,0.1344
2007/1/26,3241.18,3.25,24.15,997.29,,134.21,,0.1346
2007/2/2,2847.84,2.88,21.51,988.83,,132.4,,0.1339
2007/2/9,2995.21,3.01,22.51,995.09,33.11%,133.06,15.07%,0.1337
2007/2/16,3349.29,3.38,25.06,990.91,31.99%,133.65,15.05%,0.1349
2007/3/2,3125.53,3.16,23.46,989.09,30.36%,133.23,14.39%,0.1347
2007/3/9,3252.84,3.24,24.57,1003.96,32.98%,132.39,14.97%,0.1319
2007/3/16,3278.04,3.24,24.64,1011.74,33.62%,133.04,15.72%,0.1315
2007/3/23,3483.12,3.41,24.59,1021.44,31.78%,141.65,22.54%,0.1387
2007/3/30,3507.35,3.45,24.89,1016.62,26.43%,140.91,28.18%,0.1386
2007/4/6,3778.94,3.7,25.69,1021.34,23.61%,147.1,34.41%,0.144
2007/4/13,4030.78,3.85,25.65,1046.96,25.87%,157.15,43.79%,0.1501
2007/4/20,4217.47,4.08,27.09,1033.69,23.17%,155.68,41.65%,0.1506
2007/4/27,4385.53,4.14,26.52,1059.31,28.01%,165.37,62.78%,0.1561
2007/4/30,4441.28,4.12,25.54,1077.98,29.66%,173.9,74.64%,0.1613
2007/5/11,4779.15,4.39,27.19,1088.64,26.01%,175.77,69.90%,0.1615
2007/5/18,5023.97,4.58,28.31,1096.94,25.65%,177.46,71.13%,0.1618
2007/5/25,5336.4,4.85,29.84,1100.29,25.16%,178.83,71.92%,0.1625
2007/6/1,5361.48,4.71,28.91,1138.32,25.86%,185.45,76.04%,0.1629
2007/6/8,5560.13,4.89,29.95,1137.04,25.76%,185.65,76.13%,0.1633
2007/6/15,5989.99,5.27,32.23,1136.62,26.08%,185.85,77.62%,0.1635
2007/6/22,5881.96,5.29,31.71,1111.9,23.29%,185.49,76.27%,0.1668
2007/6/29,5614.38,5.06,29.96,1109.56,22.97%,187.4,82.68%,0.1689
2007/7/6,5486.57,4.96,29.29,1106.16,23.25%,187.32,80.22%,0.1693
2007/7/13,5645.85,5.11,30.05,1104.86,23.66%,187.88,80.22%,0.17
2007/7/20,5853.8,5.24,30.62,1117.14,23.18%,191.18,78.74%,0.1711
2007/7/27,6478.13,5.93,34.67,1092.43,20.75%,186.85,74.05%,0.171
2007/8/3,7121.81,6.47,37.84,1100.74,21.20%,188.21,74.10%,0.171
2007/8/10,7213.39,6.57,38.38,1097.93,19.97%,187.95,71.70%,0.1712
2007/8/17,6901.61,6.21,36.2,1111.37,20.55%,190.65,76.67%,0.1715
2007/8/24,7799.13,6.86,39.9,1136.9,20.44%,195.47,69.41%,0.1719
2007/8/31,7864.26,6.92,39.83,1136.45,19.17%,197.45,67.92%,0.1737
2007/9/7,7878.79,6.76,40.6,1165.5,21.88%,194.06,62.57%,0.1665
2007/9/14,8181.07,7.03,42.25,1163.74,20.99%,193.63,61.74%,0.1664
2007/9/21,8309.82,7.12,42.78,1167.11,21.57%,194.25,62.31%,0.1664
2007/9/28,8448.29,7.28,43.76,1160.48,20.11%,193.06,60.08%,0.1664
2007/10/12,8549.02,7.22,43.35,1184.07,22.49%,197.21,63.43%,0.1666
2007/10/19,8324.23,6.5,41.94,1280.65,33.98%,198.48,66.79%,0.155
2007/10/26,8048.63,6.23,39.5,1291.91,33.43%,203.76,69.36%,0.1577
2007/11/2,8179.94,5.97,39.5,1370.17,39.91%,207.09,67.26%,0.1511
2007/11/9,7513.15,5.52,36.57,1361.08,37.26%,205.45,50.72%,0.1509
2007/11/16,7381.38,5.43,35.98,1359.37,36.01%,205.15,49.78%,0.1509
2007/11/23,7239.47,5.66,37.5,1279.06,27.66%,193.05,40.08%,0.1509
2007/11/30,7058.2,5.48,36.32,1287.99,28.59%,194.33,40.95%,0.1509
2007/12/7,7567.76,5.94,39.37,1274.03,27.08%,192.22,39.41%,0.1509
2007/12/14,7478.33,5.9,39.07,1267.51,26.67%,191.41,38.93%,0.151
2007/12/21,7643.2,5.98,40.73,1278.13,26.28%,187.66,35.18%,0.1468
2007/12/28,7994.36,6.24,42.53,1281.15,25.67%,187.97,34.16%,0.1467
2008/1/4,8252.22,6.47,44.06,1275.46,25.40%,187.3,37.19%,0.1468
2008/1/11,8631.91,6.72,45.81,1284.51,28.06%,188.43,39.66%,0.1467
2008/1/18,8229.88,6.36,43.35,1294.01,28.91%,189.85,40.93%,0.1467
2008/1/25,7858.93,5.79,41.07,1357.33,35.51%,191.35,42.13%,0.141
2008/2/1,7100.46,5.16,36.83,1376.06,37.98%,192.79,43.65%,0.1401
2008/2/5,7639.02,5.59,39.86,1366.55,38.20%,191.65,44.75%,0.1402
2008/2/15,7469.9,5.49,39.19,1360.64,36.74%,190.61,43.25%,0.1401
2008/2/22,7334.39,5.41,38.75,1355.71,36.81%,189.27,41.62%,0.1396
2008/2/29,7185.8,5.35,38.26,1343.14,35.80%,187.81,40.97%,0.1398
2008/3/7,7081.94,5.25,37.49,1348.94,34.36%,188.9,42.69%,0.14
2008/3/14,6331.1,4.66,33.17,1358.61,34.28%,190.87,43.47%,0.1405
2008/3/21,6275.82,4.41,30.26,1423.09,39.32%,207.4,46.42%,0.1457
2008/3/28,6279.53,4.33,29.48,1450.24,42.65%,213.01,51.16%,0.1469
2008/4/3,5789.5,3.95,26.83,1465.7,43.51%,215.78,46.69%,0.1472
2008/4/11,6146.85,4.17,28.12,1474.06,40.80%,218.59,39.10%,0.1483
2008/4/18,5188.58,3.45,23.92,1503.94,45.49%,216.91,39.33%,0.1442
2008/4/25,6013.91,3.97,27.21,1514.84,43.00%,221.02,33.65%,0.1459
2008/4/30,6150.62,4.07,28.52,1511.21,40.19%,215.66,24.02%,0.1427
2008/5/9,6059.02,4.03,28.13,1503.48,38.11%,215.39,22.54%,0.1433
2008/5/16,6136.13,4.14,28.79,1482.16,35.12%,213.13,20.10%,0.1438
2008/5/23,5714.67,3.85,26.26,1484.33,34.90%,217.62,21.69%,0.1466
2008/5/30,5622.81,3.8,25.8,1479.69,29.99%,217.94,17.52%,0.1473
2008/6/6,5459.88,3.7,25.02,1475.64,29.78%,218.22,17.55%,0.1479
2008/6/13,4675.84,3.17,21.43,1475.03,29.77%,218.19,17.40%,0.1479
2008/6/20,4405.9,2.99,20.12,1473.55,32.52%,218.98,18.05%,0.1486
2008/6/27,4393.83,3.02,20.0,1454.91,31.12%,219.69,17.23%,0.151
2008/7/4,4312.96,2.95,19.49,1462.02,32.17%,221.29,18.14%,0.1514
2008/7/11,4615.82,3.16,20.88,1460.7,32.21%,221.06,17.66%,0.1513
2008/7/18,4349.44,3.0,19.78,1449.81,29.78%,219.89,15.02%,0.1517
2008/7/25,4477.5,3.09,20.29,1449.03,32.64%,220.68,18.10%,0.1523
2008/8/1,4258.45,2.93,19.18,1453.4,32.04%,222.03,17.97%,0.1528
2008/8/8,3805.14,2.61,16.9,1457.91,32.79%,225.16,19.80%,0.1544
2008/8/15,3613.56,2.44,15.69,1480.97,33.26%,230.31,20.80%,0.1555
2008/8/22,3527.05,2.38,15.38,1481.95,30.35%,229.33,17.32%,0.1547
2008/8/29,3475.22,2.31,14.89,1504.42,32.38%,233.39,18.21%,0.1551
2008/9/5,3211.94,2.13,13.64,1507.95,29.38%,235.48,21.34%,0.1562
2008/9/12,3042.68,2.03,12.98,1498.86,28.80%,234.41,21.06%,0.1564
2008/9/19,3177.43,2.11,13.52,1505.89,29.03%,235.02,20.99%,0.1561
2008/9/26,3353.57,2.22,14.18,1510.62,30.17%,236.5,22.50%,0.1566
2008/10/10,2907.96,1.9,12.16,1530.51,29.26%,239.14,21.26%,0.1563
2008/10/17,2882.75,1.86,11.91,1549.87,21.02%,242.04,21.95%,0.1562
2008/10/24,2834.3,1.81,11.73,1565.91,21.21%,241.63,18.58%,0.1543
2008/10/31,2657.3,1.68,10.65,1581.73,15.44%,249.51,20.49%,0.1577
2008/11/7,2639.93,1.67,10.62,1580.8,16.14%,248.58,21.00%,0.1573
2008/11/14,3040.83,1.92,12.22,1583.77,16.51%,248.84,21.30%,0.1571
2008/11/21,3072.39,1.94,12.31,1583.71,23.82%,249.58,29.28%,0.1576
2008/11/28,2995.29,1.9,12.05,1576.47,22.40%,248.57,27.91%,0.1577
2008/12/5,3286.84,2.07,13.16,1587.85,24.63%,249.76,29.93%,0.1573
2008/12/12,3216.2,2.04,12.99,1576.57,24.38%,247.59,29.35%,0.157
2008/12/19,3363.19,2.13,13.62,1578.96,23.54%,246.93,31.59%,0.1564
2008/12/26,3010.61,1.92,12.17,1568.03,22.39%,247.38,31.61%,0.1578
2008/12/31,2889.04,1.83,11.67,1578.71,23.78%,247.56,32.18%,0.1568
2009/1/9,3000.65,1.9,12.11,1579.29,22.95%,247.78,31.50%,0.1569
2009/1/16,3053.62,1.94,12.34,1574.03,21.64%,247.46,30.35%,0.1572
2009/1/23,3112.97,1.97,12.56,1580.19,16.42%,247.85,29.52%,0.1568
2009/2/6,3439.65,2.17,13.82,1585.09,15.19%,248.89,29.10%,0.157
2009/2/13,3778.47,2.37,15.13,1594.29,16.67%,249.73,30.31%,0.1566
2009/2/20,3720.6,2.37,15.21,1569.87,15.38%,244.62,28.33%,0.1558
2009/2/27,3326.75,2.11,13.53,1576.66,16.30%,245.88,29.91%,0.1559
2009/3/6,3595.27,2.26,14.73,1590.83,18.44%,244.08,29.96%,0.1534
2009/3/13,3459.87,2.16,14.44,1601.79,18.74%,239.6,26.84%,0.1496
2009/3/20,3812.66,2.38,15.88,1601.96,17.91%,240.09,25.79%,0.1499
2009/3/27,3930.79,2.46,16.97,1597.88,12.28%,231.63,11.69%,0.145
2009/4/3,3990.5,2.49,17.98,1602.61,10.51%,221.94,4.19%,0.1385
2009/4/10,4048.79,2.53,18.34,1600.31,9.18%,220.76,2.31%,0.1379
2009/4/17,4153.58,2.67,24.18,1555.65,5.53%,171.78,-21.42%,0.1104
2009/4/24,4006.96,2.58,26.17,1553.09,3.27%,153.11,-29.41%,0.0986
2009/4/30,4091.03,2.63,35.85,1555.52,2.69%,114.12,-48.37%,0.0734
2009/5/8,4410.13,2.77,42.08,1592.1,5.35%,104.8,-51.40%,0.0658
2009/5/15,4450.44,2.79,42.32,1595.14,6.10%,105.16,-51.18%,0.0659
2009/5/22,4390.77,2.77,41.97,1585.12,6.95%,104.62,-50.91%,0.066
2009/5/27,4382.44,2.77,41.86,1582.11,6.59%,104.69,-51.89%,0.0662
2009/6/5,4639.47,2.95,44.54,1572.7,6.29%,104.16,-52.20%,0.0662
2009/6/12,4590.83,2.92,43.86,1572.2,6.54%,104.67,-52.03%,0.0666
2009/6/19,4860.71,3.06,45.93,1588.47,7.69%,105.83,-51.50%,0.0666
2009/6/26,4974.74,3.18,47.45,1564.38,6.16%,104.84,-52.12%,0.067
2009/7/3,5294.72,3.26,43.09,1624.15,11.63%,122.88,-44.07%,0.0757
2009/7/10,5494.01,3.39,44.8,1620.65,10.85%,122.63,-44.58%,0.0757
2009/7/17,5734.93,3.57,46.89,1606.42,9.98%,122.31,-44.67%,0.0761
2009/7/24,5964.19,3.7,48.68,1611.94,11.18%,122.52,-44.28%,0.076
2009/7/31,6018.71,3.81,50.26,1579.71,9.02%,119.75,-45.73%,0.0758
2009/8/7,5736.95,3.6,47.91,1593.6,9.65%,119.74,-46.07%,0.0751
2009/8/14,5504.17,3.38,48.13,1628.45,11.70%,114.36,-49.21%,0.0702
2009/8/21,5210.08,3.22,57.16,1618.04,9.26%,91.15,-60.42%,0.0563
2009/8/28,5001.91,3.1,64.73,1613.52,8.88%,77.27,-66.30%,0.0479
2009/9/4,4999.74,3.07,69.91,1628.58,8.25%,71.52,-69.36%,0.0439
2009/9/11,5255.97,3.24,73.71,1622.21,7.58%,71.31,-69.72%,0.044
2009/9/18,5238.34,3.23,73.64,1621.78,8.20%,71.13,-69.65%,0.0439
2009/9/25,4895.51,3.0,68.39,1631.84,8.36%,71.58,-69.54%,0.0439
2009/9/30,4828.33,2.95,67.37,1636.72,8.35%,71.67,-69.70%,0.0438
2009/10/9,5088.44,3.11,71.04,1636.15,6.90%,71.63,-70.05%,0.0438
2009/10/16,5226.44,3.19,72.27,1638.38,5.71%,72.32,-70.12%,0.0441
2009/10/23,5595.32,3.39,75.28,1650.54,5.40%,74.33,-69.24%,0.045
2009/10/30,5339.11,3.18,84.72,1678.97,6.15%,63.02,-74.74%,0.0375
2009/11/6,5662.75,3.37,88.91,1680.34,6.30%,63.69,-74.38%,0.0379
2009/11/13,5717.21,3.42,90.3,1671.7,5.55%,63.31,-74.56%,0.0379
2009/11/20,5933.56,3.55,93.61,1671.43,5.54%,63.39,-74.60%,0.0379
2009/11/27,5607.51,3.36,88.68,1668.9,5.86%,63.23,-74.56%,0.0379
2009/12/4,6047.77,3.64,95.95,1661.48,4.64%,63.03,-74.76%,0.0379
2009/12/11,5990.59,3.61,95.34,1659.44,5.26%,62.83,-74.62%,0.0379
2009/12/18,5586.31,3.38,89.17,1652.75,4.67%,62.65,-74.63%,0.0379
2009/12/25,5711.33,3.46,91.22,1650.67,5.27%,62.61,-74.69%,0.0379
2009/12/31,5896.15,3.57,94.27,1651.58,4.62%,62.55,-74.74%,0.0379
2010/1/8,5772.24,3.5,92.25,1649.21,4.43%,62.57,-74.75%,0.0379
2010/1/15,5778.77,3.49,92.09,1655.81,5.20%,62.75,-74.64%,0.0379
2010/1/22,5427.97,3.27,86.36,1659.93,5.05%,62.85,-74.64%,0.0379
2010/1/29,5220.08,3.06,84.75,1705.91,7.62%,61.59,-75.25%,0.0361
2010/2/5,5135.76,3.01,82.55,1706.23,7.02%,62.21,-75.09%,0.0365
2010/2/12,5312.05,3.12,85.71,1702.58,8.45%,61.98,-74.66%,0.0364
2010/2/26,5400.75,3.17,87.01,1703.71,8.06%,62.07,-74.76%,0.0364
2010/3/5,5318.21,3.1,80.63,1715.55,7.84%,65.96,-72.98%,0.0384
2010/3/12,5266.08,3.08,78.72,1709.77,6.74%,66.9,-72.08%,0.0391
2010/3/19,5358.65,3.11,69.08,1723.04,7.56%,77.57,-67.69%,0.045
2010/3/26,5306.74,3.07,63.06,1728.58,8.18%,84.15,-63.67%,0.0487
2010/4/2,5522.84,3.18,65.99,1736.74,8.37%,83.69,-62.29%,0.0482
2010/4/9,5502.46,3.15,54.28,1746.81,9.15%,101.37,-54.08%,0.058
2010/4/16,5440.34,3.08,49.35,1766.34,13.54%,110.24,-35.82%,0.0624
2010/4/23,5146.91,2.88,32.9,1787.12,15.07%,156.44,2.17%,0.0875
2010/4/30,4903.34,2.66,26.03,1843.36,18.50%,188.37,65.07%,0.1022
2010/5/7,4464.01,2.42,23.66,1844.63,15.86%,188.67,80.03%,0.1023
2010/5/14,4573.35,2.47,24.09,1851.56,16.08%,189.84,80.53%,0.1025
2010/5/21,4478.13,2.43,23.61,1842.85,16.26%,189.67,81.30%,0.1029
2010/5/28,4628.98,2.51,24.42,1844.22,16.57%,189.56,81.06%,0.1028
2010/6/4,4477.54,2.42,23.56,1850.22,17.65%,190.05,82.45%,0.1027
2010/6/11,4480.71,2.42,23.8,1851.53,17.77%,188.27,79.87%,0.1017
2010/6/18,4368.84,2.36,23.24,1851.2,16.54%,187.99,77.63%,0.1015
2010/6/25,4370.97,2.38,23.23,1836.54,17.40%,188.16,79.47%,0.1025
2010/7/2,4009.89,2.31,18.72,1735.88,6.88%,214.2,74.33%,0.1234
2010/7/9,4253.4,2.46,19.91,1729.02,6.69%,213.63,74.20%,0.1236
2010/7/16,4273.87,2.47,19.93,1730.31,7.71%,214.44,75.33%,0.1239
2010/7/23,4589.93,2.66,21.34,1725.54,7.05%,215.09,75.55%,0.1246
2010/7/30,4720.04,2.74,21.77,1722.64,9.05%,216.81,81.05%,0.1259
2010/8/6,4770.73,2.78,21.98,1716.09,7.69%,217.05,81.26%,0.1265
2010/8/13,4759.27,2.74,21.77,1736.96,6.66%,218.62,91.16%,0.1259
2010/8/20,4831.31,2.77,20.98,1744.16,7.79%,230.28,152.64%,0.132
2010/8/27,4816.09,2.76,20.01,1744.96,8.15%,240.68,211.47%,0.1379
2010/9/3,5004.21,2.85,20.49,1755.86,7.82%,244.23,241.50%,0.1391
2010/9/10,5009.92,2.86,20.61,1751.72,7.98%,243.08,240.90%,0.1388
2010/9/17,4913.08,2.82,20.27,1742.23,7.43%,242.38,240.74%,0.1391
2010/9/21,4862.94,2.79,20.07,1742.99,6.81%,242.3,238.49%,0.139
2010/9/30,4975.38,2.86,20.56,1739.64,6.29%,241.99,237.65%,0.1391
2010/10/8,5149.55,2.96,21.32,1739.71,6.33%,241.54,237.21%,0.1388
2010/10/15,5599.17,3.2,23.09,1749.74,6.80%,242.49,235.31%,0.1386
2010/10/22,5717.3,3.26,23.46,1753.77,6.25%,243.7,227.88%,0.139
2010/10/29,5770.15,3.14,22.51,1837.63,9.45%,256.34,306.75%,0.1395
2010/11/5,5949.67,3.24,24.21,1836.32,9.28%,245.75,285.85%,0.1338
2010/11/12,5517.38,3.02,22.61,1826.95,9.29%,244.02,285.42%,0.1336
2010/11/19,5349.45,2.93,21.89,1825.75,9.23%,244.38,285.54%,0.1339
2010/11/26,5435.98,2.97,22.25,1830.3,9.67%,244.31,286.37%,0.1335
2010/12/3,5448.3,2.97,22.12,1834.44,10.41%,246.31,290.77%,0.1343
2010/12/10,5471.87,2.99,22.29,1830.06,10.28%,245.49,290.69%,0.1341
2010/12/17,5664.76,3.08,22.98,1839.21,11.28%,246.51,293.48%,0.134
2010/12/24,5606.18,3.04,22.66,1844.14,11.72%,247.4,295.15%,0.1342
2010/12/31,5569.91,3.04,22.69,1832.21,10.94%,245.48,292.48%,0.134
2011/1/7,5621.47,3.06,22.81,1837.08,11.39%,246.45,293.86%,0.1342
2011/1/14,5502.26,2.99,22.29,1840.22,11.14%,246.85,293.38%,0.1341
2011/1/21,5235.17,2.86,21.34,1830.48,10.27%,245.32,290.31%,0.134
2011/1/28,5331.84,2.9,21.81,1838.57,7.78%,244.47,296.90%,0.133
2011/2/1,5391.28,2.93,22.05,1840.03,7.84%,244.5,293.00%,0.1329
2011/2/11,5505.25,3.0,22.51,1835.08,7.78%,244.57,294.61%,0.1333
2011/2/18,5673.49,3.1,23.27,1830.16,7.42%,243.81,292.80%,0.1332
2011/2/25,5673.0,3.09,23.25,1835.92,7.02%,244.0,269.93%,0.1329
2011/3/4,5779.4,3.15,23.75,1834.73,7.31%,243.34,263.76%,0.1326
2011/3/11,5759.78,3.12,23.04,1846.08,7.14%,249.99,222.27%,0.1354
2011/3/18,5723.9,3.09,22.64,1852.39,7.16%,252.82,200.43%,0.1365
2011/3/25,5826.72,3.13,22.73,1861.57,7.19%,256.34,206.30%,0.1377
2011/4/1,5756.71,3.13,23.54,1839.2,5.29%,244.55,141.24%,0.133
2011/4/8,5898.59,3.2,24.05,1843.31,4.36%,245.26,122.48%,0.1331
2011/4/15,5827.5,3.15,23.79,1850.0,3.52%,244.96,56.58%,0.1324
2011/4/22,5706.81,3.07,23.04,1858.9,0.84%,247.69,31.49%,0.1332
2011/4/29,5510.06,2.85,22.41,1933.35,4.81%,245.88,30.32%,0.1272
2011/5/6,5380.28,2.76,21.76,1949.38,5.28%,247.26,30.24%,0.1268
2011/5/13,5407.88,2.78,21.92,1945.28,5.56%,246.71,30.07%,0.1268
2011/5/20,5385.95,2.77,21.8,1944.39,5.43%,247.06,30.34%,0.1271
2011/5/27,5092.88,2.64,20.62,1929.12,4.26%,246.99,29.96%,0.128
2011/6/3,5167.32,2.69,20.96,1920.94,3.75%,246.53,30.95%,0.1283
2011/6/10,5129.94,2.67,20.78,1921.33,3.79%,246.87,31.32%,0.1285
2011/6/17,5050.65,2.63,20.42,1920.4,4.57%,247.34,31.45%,0.1288
2011/6/24,5268.3,2.76,21.29,1908.8,9.96%,247.45,15.52%,0.1296
2011/7/1,5386.49,2.73,19.67,1973.07,14.11%,273.84,28.18%,0.1388
2011/7/8,5447.99,2.8,19.9,1945.71,12.45%,273.77,27.66%,0.1407
2011/7/15,5469.18,2.83,20.05,1932.57,12.00%,272.78,26.82%,0.1411
2011/7/22,5387.33,2.79,19.78,1930.94,12.09%,272.36,25.62%,0.1411
2011/7/29,5213.35,2.71,19.18,1923.75,12.10%,271.81,25.23%,0.1413
2011/8/5,5101.41,2.65,18.77,1925.06,10.83%,271.79,24.32%,0.1412
2011/8/12,4988.38,2.56,18.2,1948.59,11.72%,274.09,19.02%,0.1407
2011/8/19,4839.02,2.48,17.69,1951.22,11.82%,273.55,13.65%,0.1402
2011/8/26,4972.52,2.53,18.31,1965.42,11.93%,271.57,11.20%,0.1382
2011/9/2,4791.77,2.41,17.33,1988.29,13.50%,276.5,13.75%,0.1391
2011/9/9,4657.01,2.34,16.84,1990.18,14.23%,276.54,14.09%,0.139
2011/9/16,4644.1,2.33,16.77,1993.18,14.35%,276.93,14.29%,0.1389
2011/9/23,4536.12,2.29,16.48,1980.84,13.86%,275.25,13.74%,0.139
2011/9/30,4430.87,2.24,16.11,1978.07,13.70%,275.04,13.87%,0.139
2011/10/14,4484.25,2.26,16.28,1984.18,13.40%,275.45,13.59%,0.1388
2011/10/21,4151.19,2.1,15.24,1976.76,12.71%,272.39,11.77%,0.1378
2011/10/28,4520.81,2.24,17.15,2018.22,9.83%,263.6,2.83%,0.1306
2011/11/4,4593.99,2.26,17.0,2032.74,10.70%,270.23,9.96%,0.1329
2011/11/11,4489.79,2.21,16.67,2031.58,11.20%,269.33,10.37%,0.1326
2011/11/18,4327.54,2.13,16.07,2031.71,11.28%,269.29,10.19%,0.1325
2011/11/25,4237.55,2.08,15.93,2037.28,11.31%,266.01,8.88%,0.1306
2011/12/2,4180.18,2.01,15.86,2079.69,13.37%,263.57,7.01%,0.1267
2011/12/9,4078.32,1.95,15.42,2091.45,14.28%,264.48,7.74%,0.1265
2011/12/16,3886.67,1.86,14.69,2089.61,13.61%,264.58,7.33%,0.1266
2011/12/23,3857.7,1.85,14.56,2085.24,13.07%,264.95,7.09%,0.1271
2011/12/30,3816.26,1.83,14.43,2085.39,13.82%,264.47,7.74%,0.1268
2012/1/6,3688.75,1.77,13.97,2084.04,13.44%,264.05,7.14%,0.1267
2012/1/13,3867.14,1.85,14.61,2090.35,13.59%,264.69,7.23%,0.1266
2012/1/20,4068.12,1.95,15.36,2086.22,13.97%,264.85,7.96%,0.127
2012/2/3,4006.02,1.91,15.07,2097.39,14.08%,265.83,8.74%,0.1267
2012/2/10,4079.48,1.95,15.35,2092.04,13.70%,265.76,8.70%,0.127
2012/2/17,4104.93,1.96,15.45,2094.35,14.13%,265.69,8.64%,0.1269
2012/2/24,4359.11,2.07,16.34,2105.85,15.06%,266.78,9.42%,0.1267
2012/3/2,4422.49,2.08,16.57,2126.2,15.81%,266.9,9.38%,0.1255
2012/3/9,4418.27,2.07,16.59,2134.43,16.33%,266.32,9.44%,0.1248
2012/3/16,4337.3,2.0,15.57,2168.65,17.47%,278.57,11.43%,0.1285
2012/3/23,4187.04,1.93,15.09,2169.45,17.12%,277.47,9.75%,0.1279
2012/3/30,4008.42,1.84,15.28,2178.49,17.02%,262.33,2.34%,0.1204
2012/4/6,4138.71,1.9,15.82,2178.27,18.44%,261.61,6.98%,0.1201
2012/4/13,4255.94,1.95,16.49,2182.53,18.40%,258.09,5.23%,0.1183
2012/4/20,4321.71,1.99,16.82,2171.71,17.39%,256.94,4.89%,0.1183
2012/4/27,4343.31,1.96,17.99,2215.97,19.21%,241.43,-2.53%,0.1089
2012/5/4,4506.59,2.04,18.71,2209.11,14.26%,240.87,-2.04%,0.109
2012/5/11,4356.82,1.97,18.11,2211.58,13.45%,240.58,-2.70%,0.1088
2012/5/18,4256.03,1.93,17.73,2205.2,13.36%,240.05,-2.70%,0.1089
2012/5/25,4276.7,1.94,17.77,2204.48,13.38%,240.67,-2.59%,0.1092
2012/6/1,4380.13,1.98,18.18,2212.19,14.67%,240.93,-2.45%,0.1089
2012/6/8,4185.8,1.9,17.33,2203.05,14.69%,241.53,-2.03%,0.1096
2012/6/15,4253.1,1.94,17.62,2192.32,14.10%,241.38,-2.22%,0.1101
2012/6/21,4171.01,1.91,17.26,2183.77,13.71%,241.66,-2.30%,0.1107
2012/6/29,4057.02,1.87,16.9,2169.53,13.66%,240.06,-2.99%,0.1107
2012/7/6,4101.56,2.07,15.97,1981.43,0.42%,256.83,-6.21%,0.1296
2012/7/13,4115.77,2.09,15.97,1969.27,1.21%,257.72,-5.86%,0.1309
2012/7/20,3988.97,2.03,15.52,1965.01,1.68%,257.02,-5.78%,0.1308
2012/7/27,3893.63,1.99,15.16,1956.6,1.33%,256.84,-5.70%,0.1313
2012/8/3,3872.24,1.95,15.63,1985.76,3.22%,247.74,-8.85%,0.1248
2012/8/10,3933.14,1.97,15.69,1996.52,3.71%,250.68,-7.77%,0.1256
2012/8/17,3801.42,1.89,15.21,2011.33,3.22%,249.93,-8.81%,0.1243
2012/8/24,3649.95,1.82,14.8,2005.47,2.78%,246.62,-9.84%,0.123
2012/8/31,3517.89,1.7,14.46,2069.35,5.29%,243.28,-10.42%,0.1176
2012/9/7,3708.18,1.78,15.22,2083.25,4.78%,243.64,-11.89%,0.117
2012/9/14,3675.82,1.77,15.12,2076.73,4.35%,243.11,-12.09%,0.1171
2012/9/21,3461.98,1.66,14.21,2085.53,4.63%,243.63,-12.02%,0.1168
2012/9/28,3660.12,1.75,15.0,2091.5,5.59%,244.01,-11.35%,0.1167
2012/10/12,3651.46,1.75,14.98,2086.55,5.48%,243.76,-11.37%,0.1168
2012/10/19,3712.1,1.77,15.07,2097.23,5.70%,246.32,-10.57%,0.1175
2012/10/26,3570.33,1.75,14.51,2040.19,3.21%,246.06,-9.67%,0.1206
2012/11/2,3714.81,1.78,15.05,2086.97,3.41%,246.83,-6.36%,0.1183
2012/11/9,3583.0,1.72,14.53,2083.14,2.48%,246.59,-8.75%,0.1184
2012/11/16,3484.72,1.67,14.06,2086.66,2.71%,247.85,-7.98%,0.1188
2012/11/23,3523.71,1.69,14.23,2085.04,2.62%,247.63,-8.05%,0.1188
2012/11/30,3449.8,1.64,13.8,2103.54,3.25%,249.99,-6.02%,0.1188
2012/12/7,3560.6,1.69,14.26,2106.86,1.31%,249.69,-5.26%,0.1185
2012/12/14,3737.65,1.78,14.98,2099.8,0.40%,249.51,-5.66%,0.1188
2012/12/21,3794.37,1.81,15.22,2096.34,0.32%,249.3,-5.77%,0.1189
2012/12/28,3946.79,1.88,15.88,2099.36,0.68%,248.54,-6.19%,0.1184
2013/1/4,3957.57,1.88,16.11,2105.09,0.94%,245.66,-7.11%,0.1167
2013/1/11,3928.83,1.87,15.96,2100.98,0.81%,246.17,-6.77%,0.1172
2013/1/18,4082.17,1.94,16.61,2104.21,0.66%,245.77,-7.15%,0.1168
2013/1/25,4149.24,1.96,16.74,2116.96,1.47%,247.86,-6.41%,0.1171
2013/2/1,4353.63,2.06,17.58,2113.41,0.76%,247.65,-6.84%,0.1172
2013/2/8,4412.16,2.08,17.83,2121.23,1.40%,247.46,-6.89%,0.1167
2013/2/22,4132.9,1.96,16.76,2108.62,0.68%,246.59,-7.19%,0.1169
2013/3/1,4267.29,1.98,16.78,2155.2,2.34%,254.31,-4.67%,0.118
2013/3/8,4052.08,1.9,16.09,2132.67,0.30%,251.84,-5.64%,0.1181
2013/3/15,3927.25,1.83,15.5,2146.04,0.54%,253.37,-4.86%,0.1181
2013/3/22,4038.4,1.88,15.96,2148.09,-0.95%,253.03,-9.17%,0.1178
2013/3/29,3885.02,1.8,15.46,2158.34,-0.51%,251.29,-9.43%,0.1164
2013/4/3,3971.66,1.81,15.61,2194.29,0.73%,254.43,-3.01%,0.116
2013/4/12,3917.63,1.8,15.51,2176.46,-0.08%,252.59,-3.45%,0.1161
2013/4/19,4071.25,1.84,15.8,2212.64,1.38%,257.67,-0.16%,0.1165
2013/4/26,3921.02,1.76,14.88,2227.85,2.58%,263.51,2.56%,0.1183
2013/5/3,3996.36,1.77,14.86,2257.83,1.89%,268.93,11.39%,0.1191
2013/5/10,4067.5,1.8,15.1,2259.72,2.29%,269.37,11.83%,0.1192
2013/5/17,4142.41,1.84,15.41,2251.31,1.80%,268.81,11.74%,0.1194
2013/5/24,4140.59,1.84,15.4,2250.32,2.05%,268.87,12.01%,0.1195
2013/5/31,4161.68,1.86,15.52,2237.46,1.50%,268.15,11.42%,0.1198
2013/6/7,3967.62,1.79,14.83,2216.55,0.20%,267.54,11.04%,0.1207
2013/6/14,3818.98,1.72,14.3,2220.34,0.78%,267.06,10.57%,0.1203
2013/6/21,3650.42,1.65,13.69,2212.38,0.91%,266.65,10.47%,0.1205
2013/6/28,3469.63,1.56,12.88,2224.12,1.85%,269.38,11.47%,0.1211
2013/7/5,3541.03,1.75,13.05,2023.45,-6.73%,271.34,13.03%,0.1341
2013/7/12,3567.66,1.79,13.18,1993.11,0.59%,270.69,5.40%,0.1358
2013/7/19,3392.46,1.71,12.57,1983.89,0.74%,269.89,4.72%,0.136
2013/7/26,3465.42,1.75,12.88,1980.24,0.78%,269.05,4.68%,0.1359
2013/8/2,3526.82,1.78,13.08,1981.36,1.27%,269.63,4.98%,0.1361
2013/8/9,3583.85,1.79,13.04,2002.15,0.83%,274.84,10.94%,0.1373
2013/8/16,3600.52,1.8,13.06,2000.29,0.19%,275.69,9.98%,0.1378
2013/8/23,3525.26,1.75,12.52,2014.43,0.15%,281.57,12.66%,0.1398
2013/8/30,3587.41,1.77,13.19,2026.79,1.06%,271.98,10.28%,0.1342
2013/9/6,3627.71,1.79,13.35,2026.65,-2.06%,271.74,11.70%,0.1341
2013/9/13,3837.87,1.9,14.17,2019.93,-3.04%,270.84,11.17%,0.1341
2013/9/18,3687.4,1.89,13.92,1951.01,-6.05%,264.9,8.96%,0.1358
2013/9/27,3657.88,1.88,13.86,1945.68,-6.71%,263.92,8.33%,0.1356
2013/9/30,3647.87,1.88,13.82,1940.36,-7.23%,263.96,8.18%,0.136
2013/10/11,3751.54,1.93,14.22,1943.8,-6.84%,263.82,8.23%,0.1357
2013/10/18,3736.64,1.92,14.23,1946.17,-7.20%,262.59,6.60%,0.1349
2013/10/25,3687.08,1.89,14.04,1950.84,-4.38%,262.61,6.73%,0.1346
2013/11/1,3750.03,1.8,13.58,2083.35,-0.17%,276.14,11.88%,0.1325
2013/11/8,3598.51,1.73,13.06,2080.06,-0.15%,275.54,11.74%,0.1325
2013/11/15,3670.48,1.77,13.31,2073.72,-0.62%,275.77,11.27%,0.133
2013/11/22,3735.37,1.8,13.6,2075.21,-0.47%,274.66,10.92%,0.1324
2013/11/29,3792.0,1.84,13.86,2060.87,-2.03%,273.59,9.44%,0.1328
2013/12/6,3870.74,1.88,14.18,2058.9,-2.28%,272.97,9.32%,0.1326
2013/12/13,3846.59,1.86,14.01,2068.06,-1.51%,274.56,10.04%,0.1328
2013/12/20,3649.58,1.77,13.4,2061.91,-1.64%,272.36,9.25%,0.1321
2013/12/27,3711.24,1.8,13.62,2061.8,-1.79%,272.48,9.63%,0.1322
2014/1/3,3652.56,1.77,13.43,2063.59,-1.97%,271.97,10.71%,0.1318
2014/1/10,3476.85,1.69,12.82,2057.31,-2.08%,271.21,10.17%,0.1318
2014/1/17,3452.24,1.7,12.85,2030.73,-3.49%,268.66,9.31%,0.1323
2014/1/24,3616.21,1.76,13.34,2054.66,-2.94%,271.08,9.37%,0.1319
2014/1/30,3489.03,1.7,12.88,2052.37,-2.89%,270.89,9.38%,0.132
2014/2/7,3506.58,1.71,12.93,2050.63,-3.33%,271.2,9.59%,0.1323
2014/2/14,3634.36,1.77,13.39,2053.31,-2.62%,271.42,10.07%,0.1322
2014/2/21,3540.26,1.72,13.07,2058.29,-4.50%,270.87,6.51%,0.1316
2014/2/28,3362.4,1.64,12.47,2050.24,-3.87%,269.64,7.07%,0.1315
2014/3/7,3392.45,1.62,12.28,2094.1,-2.42%,276.26,9.03%,0.1319
2014/3/14,3370.69,1.61,12.18,2093.6,-2.54%,276.74,9.37%,0.1322
2014/3/21,3418.77,1.62,12.16,2110.35,-2.22%,281.15,11.88%,0.1332
2014/3/28,3426.94,1.61,11.79,2128.53,-3.00%,290.66,14.24%,0.1366
2014/4/4,3505.2,1.65,11.87,2124.36,-2.39%,295.3,16.91%,0.139
2014/4/11,3616.5,1.7,12.23,2127.35,-3.85%,295.71,14.76%,0.139
2014/4/18,3521.82,1.65,12.01,2134.44,-4.19%,293.24,11.28%,0.1374
2014/4/25,3446.59,1.59,11.64,2167.67,-3.99%,296.1,10.10%,0.1366
2014/4/30,3431.03,1.56,11.34,2199.38,-2.67%,302.56,12.32%,0.1376
2014/5/9,3371.65,1.55,11.21,2175.26,-3.38%,300.77,11.89%,0.1383
2014/5/16,3402.36,1.56,11.28,2181.0,-3.08%,301.63,12.18%,0.1383
2014/5/23,3420.19,1.57,11.29,2178.46,-2.64%,302.94,12.97%,0.1391
2014/5/30,3485.4,1.59,11.46,2192.08,-1.10%,304.14,13.68%,0.1387
2014/6/6,3409.88,1.57,11.25,2171.9,-2.18%,303.1,13.49%,0.1396
2014/6/13,3491.65,1.62,11.55,2155.34,-2.58%,302.31,13.37%,0.1403
2014/6/20,3389.48,1.57,11.21,2158.9,-2.93%,302.36,12.24%,0.1401
2014/6/27,3465.43,1.61,11.49,2152.44,6.38%,301.6,11.15%,0.1401
2014/7/4,3479.2,1.73,11.5,2011.1,0.90%,302.54,11.77%,0.1504
2014/7/11,3438.35,1.72,11.33,1999.04,0.76%,303.47,12.45%,0.1518
2014/7/18,3510.66,1.75,11.59,2006.09,1.31%,302.9,12.58%,0.151
2014/7/25,3664.95,1.82,12.03,2013.71,1.63%,304.65,12.99%,0.1513
2014/8/1,3817.5,1.91,12.63,1998.69,-0.17%,302.26,9.98%,0.1512
2014/8/8,3801.36,1.92,12.6,1979.88,-1.02%,301.7,9.43%,0.1524
2014/8/15,3840.52,1.92,12.58,2000.27,-0.70%,305.29,8.42%,0.1526
2014/8/22,3866.31,1.9,12.37,2034.9,0.40%,312.56,14.92%,0.1536
2014/8/29,3764.18,1.82,11.73,2068.23,2.05%,320.9,18.09%,0.1552
2014/9/5,3952.54,1.91,12.54,2069.39,2.45%,315.19,16.37%,0.1523
2014/9/12,3912.67,1.89,12.43,2070.2,6.11%,314.78,18.83%,0.1521
2014/9/19,3869.69,1.87,12.3,2069.35,6.36%,314.61,19.21%,0.152
2014/9/26,3887.05,1.88,12.34,2067.58,6.56%,315.0,19.34%,0.1524
2014/9/30,3879.91,1.88,12.36,2063.78,6.17%,313.91,18.99%,0.1521
2014/10/10,3952.26,1.91,12.6,2069.25,6.32%,313.67,19.45%,0.1516
2014/10/17,3924.94,1.9,12.52,2065.76,5.89%,313.49,19.37%,0.1518
2014/10/24,3823.0,1.84,12.13,2077.72,-0.27%,315.17,14.13%,0.1517
2014/10/31,3997.96,1.86,12.64,2149.44,3.34%,316.29,14.79%,0.1472
2014/11/7,4041.61,1.88,12.75,2149.79,3.67%,316.99,14.95%,0.1475
2014/11/14,4116.03,1.91,12.98,2154.99,3.84%,317.11,15.45%,0.1471
2014/11/21,4117.44,1.91,13.0,2155.73,4.60%,316.73,15.77%,0.1469
2014/11/28,4505.05,2.08,14.16,2165.89,5.20%,318.15,16.55%,0.1469
2014/12/5,5098.85,2.34,15.93,2179.0,5.36%,320.08,16.58%,0.1469
2014/12/12,5406.42,2.49,16.96,2171.25,5.30%,318.77,17.04%,0.1468
2014/12/19,5537.81,2.53,17.36,2188.86,6.16%,319.0,17.07%,0.1457
2014/12/26,5588.67,2.55,17.48,2191.64,6.20%,319.72,17.56%,0.1459
2014/12/31,5711.01,2.59,17.77,2205.02,7.18%,321.38,18.50%,0.1458
2015/1/9,5762.14,2.62,17.94,2199.29,8.30%,321.19,19.55%,0.146
2015/1/16,5805.34,2.64,18.08,2198.99,7.02%,321.09,18.45%,0.146
2015/1/23,5727.63,2.6,17.84,2202.93,7.34%,321.06,18.52%,0.1457
2015/1/30,5565.39,2.72,18.24,2046.1,-0.22%,305.12,12.51%,0.1491
2015/2/6,5322.07,2.6,17.4,2046.95,-0.31%,305.87,12.69%,0.1494
2015/2/13,5640.5,2.76,18.46,2043.66,-0.71%,305.55,12.80%,0.1495
2015/2/17,5756.72,2.79,18.52,2063.34,0.64%,310.84,15.28%,0.1506
2015/2/27,5798.39,2.8,18.76,2070.85,-1.11%,309.08,11.88%,0.1493
2015/3/6,5677.59,2.75,18.37,2064.58,-1.39%,309.07,11.68%,0.1497
2015/3/13,5815.15,2.81,18.81,2069.45,-1.94%,309.15,9.96%,0.1494
2015/3/20,6304.29,3.06,20.47,2060.23,-3.21%,307.98,5.96%,0.1495
2015/3/27,6445.32,3.11,20.94,2072.45,-2.44%,307.8,4.23%,0.1485
2015/4/3,6789.91,3.22,22.38,2108.67,-0.88%,303.39,2.60%,0.1439
2015/4/10,7043.35,3.43,23.77,2053.45,-3.79%,296.31,1.05%,0.1443
2015/4/17,7064.18,3.42,23.81,2065.55,-4.71%,296.69,0.20%,0.1436
2015/4/24,7297.16,3.5,24.97,2084.9,-5.20%,292.24,-3.41%,0.1402
2015/4/30,7376.64,3.3,23.71,2235.35,2.76%,311.12,3.44%,0.1392
2015/5/8,7014.51,3.16,22.59,2219.78,1.78%,310.51,2.95%,0.1399
2015/5/15,7047.75,3.18,22.72,2216.27,1.74%,310.2,2.40%,0.14
2015/5/22,7616.8,3.45,24.55,2207.77,0.72%,310.26,2.01%,0.1405
2015/5/29,7566.71,3.41,24.22,2218.98,2.17%,312.42,3.07%,0.1408
2015/6/5,8286.35,3.73,26.55,2221.54,3.07%,312.1,3.24%,0.1405
2015/6/12,8453.22,3.82,27.11,2212.88,2.50%,311.81,3.13%,0.1409
2015/6/19,7412.75,3.39,23.98,2186.65,1.59%,309.12,2.49%,0.1414
2015/6/26,7085.0,3.22,22.78,2200.31,9.41%,311.02,2.80%,0.1414
2015/7/3,6229.8,2.63,17.55,2368.75,18.49%,354.97,16.97%,0.1499
2015/7/10,6555.97,2.8,18.68,2341.42,16.72%,350.96,15.87%,0.1499
2015/7/17,6585.77,2.79,18.55,2360.49,17.22%,355.03,16.54%,0.1504
2015/7/24,6537.8,2.78,18.35,2351.73,17.66%,356.28,17.87%,0.1515
2015/7/31,6065.75,2.58,17.02,2351.07,18.75%,356.39,18.13%,0.1516
2015/8/7,6281.43,2.67,17.63,2352.6,17.61%,356.29,16.71%,0.1514
2015/8/14,6550.21,2.76,18.25,2373.26,16.63%,358.92,14.83%,0.1512
2015/8/21,5734.11,2.41,15.77,2379.3,15.04%,363.61,13.31%,0.1528
2015/8/28,5361.28,2.13,13.96,2517.03,21.63%,384.05,21.84%,0.1526
2015/9/2,5361.7,2.12,13.61,2529.1,22.17%,393.95,25.15%,0.1558
2015/9/11,5289.88,2.09,13.43,2531.04,22.31%,393.89,25.20%,0.1556
2015/9/18,5002.62,1.97,12.69,2539.4,22.82%,394.22,25.15%,0.1552
2015/9/25,4927.93,1.95,12.54,2527.14,22.45%,392.98,25.19%,0.1555
2015/9/30,4898.46,1.94,12.46,2524.98,22.02%,393.13,25.33%,0.1557
2015/10/9,5136.4,2.03,13.08,2530.25,22.49%,392.69,25.26%,0.1552
2015/10/16,5413.37,2.14,13.78,2529.61,21.75%,392.84,24.65%,0.1553
2015/10/23,5504.06,2.16,13.97,2548.18,18.55%,393.99,24.56%,0.1546
2015/10/30,5453.81,2.11,13.92,2584.74,20.23%,391.8,23.60%,0.1516
2015/11/6,5917.08,2.26,15.09,2618.18,21.49%,392.12,23.66%,0.1498
2015/11/13,5829.33,2.23,14.86,2614.05,21.26%,392.28,23.86%,0.1501
2015/11/20,5897.53,2.25,15.01,2621.12,21.02%,392.91,23.50%,0.1499
2015/11/27,5539.32,2.1,14.04,2637.77,21.05%,394.54,23.26%,0.1496
2015/12/4,6101.42,2.28,15.18,2676.06,23.25%,401.94,26.09%,0.1502
2015/12/11,6061.39,2.25,14.99,2693.95,23.08%,404.36,26.76%,0.1501
2015/12/18,6484.23,2.38,15.9,2724.47,24.31%,407.81,27.55%,0.1497
2015/12/25,6700.99,2.46,16.41,2723.98,23.54%,408.35,27.06%,0.1499
2015/12/31,6535.61,2.4,16.02,2723.17,23.82%,407.97,27.02%,0.1498
2016/1/8,5913.01,2.16,14.52,2737.5,24.49%,407.23,26.83%,0.1488
2016/1/15,5528.6,2.02,13.56,2736.93,24.24%,407.71,26.99%,0.149
2016/1/22,5530.57,2.01,13.54,2751.53,34.48%,408.46,33.87%,0.1484
2016/1/29,5307.8,1.93,12.97,2750.16,34.35%,409.24,33.80%,0.1488
2016/2/5,5341.08,1.93,13.08,2767.4,35.41%,408.34,33.64%,0.1476
2016/2/19,5473.45,1.98,13.38,2764.37,33.98%,409.08,31.60%,0.148
2016/2/26,5341.81,1.93,13.05,2767.78,33.65%,409.33,32.44%,0.1479
2016/3/4,5571.27,2.02,13.68,2758.05,33.59%,407.26,31.77%,0.1477
2016/3/11,5457.41,1.97,13.38,2770.26,33.86%,407.88,31.93%,0.1472
2016/3/18,5673.59,2.05,13.94,2767.6,34.34%,407.0,32.15%,0.1471
2016/3/25,5766.92,2.08,14.08,2772.56,33.78%,409.58,33.07%,0.1477
2016/4/1,5766.61,2.06,14.06,2799.33,32.75%,410.14,35.19%,0.1465
2016/4/8,5715.42,2.04,13.9,2801.68,36.44%,411.18,38.77%,0.1468
2016/4/15,5857.14,2.09,14.27,2802.46,35.68%,410.45,38.34%,0.1465
2016/4/22,5689.04,2.02,13.8,2816.36,35.08%,412.25,41.07%,0.1464
2016/4/29,5684.0,1.99,13.34,2856.28,27.78%,426.09,36.95%,0.1492
2016/5/6,5646.7,1.96,13.49,2880.97,29.79%,418.58,34.80%,0.1453
2016/5/13,5606.43,1.95,13.4,2875.09,29.73%,418.39,34.88%,0.1455
2016/5/20,5581.43,1.94,13.27,2877.03,30.31%,420.61,35.57%,0.1462
2016/5/27,5582.33,1.94,13.25,2877.49,29.68%,421.31,34.85%,0.1464
2016/6/3,5814.32,2.03,13.84,2864.2,28.93%,420.11,34.61%,0.1467
2016/6/8,5779.64,2.01,13.75,2875.44,29.94%,420.34,34.80%,0.1462
2016/6/17,5761.96,2.02,13.7,2852.46,30.45%,420.58,36.06%,0.1474
2016/6/24,5713.53,2.0,13.56,2856.77,29.83%,421.35,35.47%,0.1475
2016/7/1,5850.42,2.04,13.91,2867.85,21.07%,420.59,18.48%,0.1467
2016/7/8,5749.81,2.01,13.65,2860.6,22.17%,421.23,20.02%,0.1473
2016/7/15,5919.57,2.08,14.05,2845.95,20.57%,421.32,18.67%,0.148
2016/7/22,5763.45,2.03,13.68,2839.14,20.73%,421.3,18.25%,0.1484
2016/7/29,5796.31,2.06,13.74,2813.74,19.68%,421.86,18.37%,0.1499
2016/8/5,5904.57,2.08,13.99,2838.74,20.66%,422.06,18.46%,0.1487
2016/8/12,6081.17,2.13,14.53,2855.01,20.30%,418.53,16.61%,0.1466
2016/8/19,6230.76,2.18,14.85,2858.15,20.13%,419.58,15.39%,0.1468
2016/8/26,6051.3,2.13,14.45,2840.99,12.87%,418.78,9.04%,0.1474
2016/9/2,6099.55,2.12,15.36,2877.15,13.76%,397.11,0.80%,0.138
2016/9/9,6158.53,2.13,15.42,2891.33,14.23%,399.39,1.40%,0.1381
2016/9/14,5975.89,2.07,14.96,2886.9,13.68%,399.46,1.33%,0.1384
2016/9/23,6141.54,2.12,15.36,2896.95,14.63%,399.84,1.75%,0.138
2016/9/30,6207.86,2.14,15.49,2900.87,14.89%,400.77,1.94%,0.1382
2016/10/14,6226.71,2.15,15.56,2896.14,14.46%,400.17,1.91%,0.1382
2016/10/21,6207.77,2.13,15.48,2914.45,15.21%,401.02,2.08%,0.1376
2016/10/28,6245.74,2.08,15.24,3002.76,17.84%,409.83,4.02%,0.1365
2016/11/4,6258.49,2.07,15.15,3023.43,16.97%,413.1,5.44%,0.1366
2016/11/11,6412.68,2.12,15.53,3024.85,15.53%,412.92,5.31%,0.1365
2016/11/18,6466.41,2.13,15.61,3035.87,16.14%,414.25,5.60%,0.1365
2016/11/25,6733.78,2.21,16.17,3046.96,16.25%,416.44,5.99%,0.1367
2016/12/2,6737.95,2.2,16.11,3062.7,16.11%,418.25,6.01%,0.1366
2016/12/9,6595.0,2.16,15.79,3053.24,14.09%,417.67,3.91%,0.1368
2016/12/16,6253.21,2.05,14.99,3050.35,13.23%,417.16,3.16%,0.1368
2016/12/23,6065.23,1.99,14.58,3047.85,11.87%,416.0,2.01%,0.1365
2016/12/30,6103.42,2.0,14.65,3051.71,12.03%,416.62,2.02%,0.1365
2017/1/6,6202.98,2.03,14.87,3055.66,12.21%,417.15,2.25%,0.1365
2017/1/13,6120.74,2.01,14.78,3045.14,11.24%,414.12,1.69%,0.136
2017/1/20,6197.03,2.02,14.86,3067.84,12.09%,417.03,2.28%,0.1359
2017/1/26,6270.61,2.05,15.01,3058.83,11.17%,417.76,2.28%,0.1366
2017/2/3,6230.32,2.03,14.91,3069.12,11.60%,417.86,2.11%,0.1362
2017/2/10,6385.24,2.08,15.28,3069.83,10.93%,417.88,2.34%,0.1361
2017/2/17,6529.34,2.12,15.56,3079.88,11.41%,419.62,2.58%,0.1362
2017/2/24,6629.76,2.15,15.8,3083.61,11.41%,419.61,2.51%,0.1361
2017/3/3,6538.0,2.12,15.58,3083.96,11.82%,419.64,3.04%,0.1361
2017/3/10,6663.33,2.15,15.78,3099.22,11.87%,422.26,3.53%,0.1362
2017/3/17,6690.86,2.16,15.89,3097.62,11.92%,421.07,3.46%,0.1359
2017/3/24,6875.66,2.2,16.22,3125.3,12.72%,423.9,3.50%,0.1356
2017/3/31,6763.17,2.11,16.0,3205.29,14.50%,422.7,3.06%,0.1319
2017/4/7,6867.75,2.15,16.3,3194.3,14.01%,421.33,2.47%,0.1319
2017/4/14,6790.76,2.13,16.04,3188.15,13.76%,423.36,3.15%,0.1328
2017/4/21,6894.6,2.14,15.98,3221.78,14.40%,431.45,4.66%,0.1339
2017/4/28,6795.37,2.03,15.21,3347.47,17.20%,446.77,4.85%,0.1335
2017/5/5,6712.16,1.98,14.73,3389.98,17.67%,455.68,8.86%,0.1344
2017/5/12,6704.86,1.99,14.69,3369.28,17.19%,456.42,9.09%,0.1355
2017/5/19,6764.58,2.01,14.84,3365.46,16.98%,455.83,8.38%,0.1354
2017/5/26,6901.21,2.06,15.16,3350.1,16.42%,455.22,8.05%,0.1359
2017/6/2,6909.77,2.06,15.18,3354.26,17.11%,455.19,8.35%,0.1357
2017/6/9,7221.01,2.14,15.78,3374.3,17.35%,457.61,8.87%,0.1356
2017/6/16,7141.94,2.13,15.61,3353.02,17.55%,457.52,8.78%,0.1365
2017/6/23,7583.1,2.25,16.43,3370.27,17.97%,461.54,9.54%,0.1369
2017/6/30,7685.5,2.29,16.69,3356.11,17.03%,460.49,9.49%,0.1372
2017/7/7,7494.48,2.36,16.2,3175.63,11.01%,462.62,9.83%,0.1457
2017/7/14,7661.41,2.41,16.49,3179.01,11.70%,464.61,10.27%,0.1461
2017/7/21,7715.28,2.44,16.62,3162.0,11.37%,464.22,10.19%,0.1468
2017/7/28,7641.43,2.42,16.49,3157.62,12.22%,463.4,9.85%,0.1468
2017/8/4,7500.66,2.38,16.19,3151.54,11.02%,463.29,9.77%,0.147
2017/8/11,7388.07,2.33,15.87,3170.85,11.06%,465.54,11.23%,0.1468
2017/8/18,7499.38,2.36,16.07,3177.7,11.18%,466.67,11.22%,0.1469
2017/8/25,7641.21,2.38,16.25,3210.59,13.01%,470.23,12.29%,0.1465
2017/9/1,7655.25,2.36,15.9,3243.75,12.74%,481.46,21.24%,0.1484
2017/9/8,7686.47,2.38,16.01,3229.61,11.70%,480.1,20.21%,0.1487
2017/9/15,7883.3,2.44,16.46,3230.86,11.91%,478.94,19.90%,0.1482
2017/9/22,8005.2,2.47,16.64,3240.97,11.88%,481.08,20.32%,0.1484
2017/9/29,7930.56,2.44,16.46,3250.23,12.04%,481.81,20.22%,0.1482
2017/10/13,8234.09,2.52,16.99,3267.5,12.82%,484.64,21.11%,0.1483
2017/10/20,8212.93,2.51,16.92,3272.08,12.27%,485.4,21.04%,0.1483
2017/10/27,8560.72,2.53,17.32,3383.68,12.69%,494.27,20.60%,0.1461
2017/11/3,8494.64,2.46,16.87,3453.11,14.21%,503.54,21.89%,0.1458
2017/11/10,8941.21,2.56,17.6,3492.66,15.47%,508.02,23.03%,0.1455
2017/11/17,8955.98,2.57,17.63,3484.82,14.79%,508.0,22.63%,0.1458
2017/11/24,9023.52,2.6,17.84,3470.58,13.90%,505.8,21.46%,0.1457
2017/12/1,8533.56,2.47,16.97,3454.88,12.80%,502.86,20.23%,0.1456
2017/12/8,8519.88,2.46,16.91,3463.37,13.43%,503.84,20.63%,0.1455
2017/12/15,8679.54,2.5,17.14,3471.82,13.82%,506.39,21.39%,0.1459
2017/12/22,9002.91,2.58,17.76,3489.5,14.49%,506.92,21.86%,0.1453
2017/12/29,8959.61,2.57,17.78,3486.23,14.24%,503.92,20.95%,0.1445
2018/1/5,9370.59,2.7,18.63,3470.59,13.58%,502.98,20.58%,0.1449
2018/1/12,9770.74,2.8,19.33,3489.55,14.59%,505.47,22.06%,0.1449
2018/1/19,9848.82,2.85,19.72,3455.73,12.64%,499.43,19.76%,0.1445
2018/1/26,10133.9,2.92,20.2,3470.51,13.46%,501.68,20.09%,0.1446
2018/2/2,9687.71,2.8,19.32,3459.9,12.73%,501.43,20.00%,0.1449
2018/2/9,8542.05,2.46,16.98,3472.38,13.11%,503.07,20.38%,0.1449
2018/2/14,9059.1,2.59,17.92,3497.72,13.57%,505.53,20.47%,0.1445
2018/2/23,9265.41,2.66,18.39,3483.24,12.96%,503.83,20.07%,0.1446
2018/3/2,8984.5,2.57,17.78,3495.91,13.36%,505.31,20.42%,0.1445
2018/3/9,9265.09,2.65,18.33,3496.26,12.81%,505.46,19.70%,0.1446
2018/3/16,9146.96,2.62,17.47,3491.21,12.71%,523.58,24.34%,0.15
2018/3/23,8615.5,2.47,16.49,3488.06,11.61%,522.47,23.25%,0.1498
2018/3/30,8557.41,2.41,15.64,3550.79,10.78%,547.15,29.44%,0.1541
2018/4/4,8526.34,2.4,15.56,3552.64,11.22%,547.97,30.05%,0.1542
2018/4/13,8502.05,2.39,15.44,3557.34,11.58%,550.65,30.07%,0.1548
2018/4/20,8390.58,2.34,15.24,3585.72,11.30%,550.56,27.61%,0.1535
2018/4/27,8237.47,2.24,14.44,3677.44,9.86%,570.46,27.69%,0.1551
2018/5/4,8311.27,2.23,14.01,3727.03,9.94%,593.24,30.19%,0.1592
2018/5/11,8589.32,2.31,14.47,3718.32,10.36%,593.6,30.05%,0.1596
2018/5/18,8619.13,2.32,14.52,3715.14,10.39%,593.6,30.22%,0.1598
2018/5/25,8327.53,2.25,14.06,3701.12,10.48%,592.29,30.11%,0.16
2018/6/1,8398.39,2.27,14.17,3699.73,10.30%,592.69,30.21%,0.1602
2018/6/8,8517.76,2.3,14.32,3703.37,9.75%,594.82,29.98%,0.1606
2018/6/15,8507.67,2.31,14.29,3682.97,9.84%,595.36,30.13%,0.1617
2018/6/22,8134.28,2.22,13.7,3664.09,8.72%,593.74,28.64%,0.162
2018/6/29,7760.67,2.11,13.0,3678.04,9.59%,596.97,29.64%,0.1623
2018/7/6,7269.85,2.17,13.54,3350.16,5.50%,536.92,16.06%,0.1603
2018/7/13,7606.36,2.28,14.21,3336.12,4.94%,535.28,15.21%,0.1605
2018/7/20,7533.59,2.27,14.08,3318.76,4.96%,535.06,15.26%,0.1612
2018/7/27,7545.97,2.27,14.07,3324.22,5.28%,536.32,15.74%,0.1613
2018/8/3,6887.83,2.07,12.85,3327.45,5.58%,536.02,15.70%,0.1611
2018/8/10,7123.85,2.15,13.29,3313.42,4.50%,536.03,15.14%,0.1618
2018/8/17,6723.58,2.03,12.6,3312.11,4.23%,533.62,14.35%,0.1611
2018/8/24,6882.08,2.09,12.78,3292.86,2.56%,538.5,14.52%,0.1635
2018/8/31,6958.72,2.12,13.1,3282.42,1.19%,531.2,10.33%,0.1618
2018/9/7,6763.55,2.06,12.73,3283.28,1.66%,531.31,10.67%,0.1618
2018/9/14,6734.97,2.04,12.66,3301.46,2.19%,531.99,11.08%,0.1611
2018/9/21,7120.21,2.17,13.46,3281.2,1.24%,528.99,9.96%,0.1612
2018/9/28,7134.56,2.17,13.44,3287.82,1.16%,530.85,10.18%,0.1615
2018/10/12,6598.53,1.98,12.28,3332.59,1.99%,537.34,10.87%,0.1612
2018/10/19,6528.9,1.96,12.14,3331.07,1.80%,537.8,10.80%,0.1614
2018/10/26,6617.84,1.95,12.24,3393.76,0.30%,540.67,9.39%,0.1593
2018/11/2,6840.39,1.95,12.66,3507.89,1.59%,540.32,7.30%,0.154
2018/11/9,6608.06,1.88,12.22,3514.93,0.64%,540.76,6.44%,0.1538
2018/11/16,6905.54,1.97,12.81,3505.35,0.59%,539.07,6.12%,0.1538
2018/11/23,6659.26,1.9,12.35,3504.87,0.99%,539.21,6.61%,0.1538
2018/11/30,6734.19,1.92,12.52,3507.39,1.52%,537.87,6.96%,0.1534
2018/12/7,6758.18,1.93,12.56,3501.65,1.11%,538.07,6.79%,0.1537
2018/12/14,6778.78,1.94,12.6,3494.22,0.65%,538.0,6.24%,0.154
2018/12/21,6497.09,1.85,12.04,3511.94,0.64%,539.63,6.45%,0.1537
2018/12/28,6476.04,1.85,12.01,3500.56,0.41%,539.22,7.01%,0.154
2019/1/4,6550.91,1.86,12.05,3521.99,1.48%,543.64,8.08%,0.1544
2019/1/11,6791.88,1.92,12.45,3537.44,1.37%,545.53,7.93%,0.1542
2019/1/18,6972.37,1.98,12.78,3521.4,1.90%,545.57,9.24%,0.1549
2019/1/25,7039.61,1.99,12.88,3537.49,1.93%,546.55,8.95%,0.1545
2019/2/1,7316.41,2.07,13.37,3534.5,2.16%,547.23,9.13%,0.1548
2019/2/15,7566.03,2.13,13.77,3552.13,2.30%,549.46,9.22%,0.1547
2019/2/22,7998.98,2.26,14.62,3539.37,1.19%,547.13,8.23%,0.1546
2019/3/1,8421.68,2.39,15.43,3523.72,1.16%,545.8,8.33%,0.1549
2019/3/8,8384.03,2.36,15.3,3552.56,1.62%,547.98,8.44%,0.1542
2019/3/15,8640.68,2.43,15.75,3555.84,1.70%,548.61,8.54%,0.1543
2019/3/22,8859.74,2.49,16.28,3558.13,1.92%,544.21,3.94%,0.1529
2019/3/29,9111.98,2.51,16.6,3630.27,4.08%,548.91,5.06%,0.1512
2019/4/4,9570.95,2.6,17.17,3681.13,3.67%,557.42,1.88%,0.1514
2019/4/12,9515.94,2.57,17.1,3702.7,4.22%,556.49,1.56%,0.1503
2019/4/19,9947.72,2.67,17.92,3725.74,4.73%,555.12,0.81%,0.149
2019/4/26,9321.12,2.49,17.23,3743.42,4.40%,540.98,-1.74%,0.1445
2019/4/30,9390.35,2.44,16.8,3848.5,4.65%,558.95,-2.02%,0.1452
2019/05/10,8988.71,2.33,16.05,3860.73,3.59%,560.07,-5.59%,0.1452
2019/05/17,8886.68,2.3,15.86,3857.62,3.75%,560.2,-5.63%,0.145
2019/05/24,8634.07,2.25,15.42,3837.02,3.28%,559.83,-5.69%,0.1459
2019/05/31,8764.19,2.3,15.63,3815.19,3.08%,560.63,-5.35%,0.1472
2019/06/06,8557.9,2.25,15.24,3805.72,2.86%,561.41,-5.28%,0.1476
2019/06/14,8801.13,2.32,15.7,3795.87,2.50%,560.64,-5.75%,0.1478
2019/06/21,9149.68,2.43,16.0,3764.29,2.21%,571.91,-3.94%,0.1519
2019/06/28,9174.79,2.46,16.1,3728.15,1.75%,569.81,-4.03%,0.1528
2019/07/05,9561.23,2.58,16.84,3712.24,0.93%,567.75,-4.89%,0.1532
2019/07/12,9438.65,2.56,16.59,3692.64,10.22%,568.83,5.94%,0.1543
2019/07/19,9368.79,2.54,16.5,3682.89,10.39%,567.87,6.09%,0.1539
2019/07/26,9421.03,2.55,16.58,3687.35,11.11%,568.39,6.23%,0.1538
2019/08/02,9135.11,2.47,16.0,3699.93,11.30%,571.08,6.48%,0.1544
2019/08/09,8867.01,2.4,15.46,3689.78,10.89%,573.42,6.98%,0.1552
2019/08/16,9014.68,2.47,15.7,3655.76,10.33%,574.14,7.11%,0.1573
2019/08/23,9284.3,2.54,16.0,3657.2,10.42%,580.22,8.73%,0.1588
2019/08/30,9419.78,2.43,16.26,3873.06,17.62%,579.27,7.57%,0.1494
2019/09/06,9695.79,2.56,16.46,3781.76,15.21%,589.07,10.89%,0.1555
2019/09/12,9649.88,2.55,16.39,3780.68,15.15%,588.9,10.84%,0.1556
2019/09/20,9583.06,2.54,16.3,3774.88,14.34%,587.99,10.53%,0.1558
2019/09/27,9337.72,2.42,15.89,3859.0,17.61%,587.77,11.11%,0.1523
2019/10/11,9504.56,2.48,16.27,3831.81,16.55%,584.16,10.04%,0.1524
2019/10/18,9373.96,2.45,16.05,3830.06,14.93%,583.89,8.66%,0.1526
2019/10/25,9557.55,2.4,15.95,3978.31,19.43%,599.21,11.42%,0.1505
2019/11/01,9931.01,2.43,16.28,4085.28,20.38%,610.07,12.84%,0.1493
2019/11/08,9955.65,2.44,16.34,4079.49,16.29%,609.2,12.75%,0.1493
2019/11/15,9601.38,2.36,15.83,4062.73,15.58%,606.7,12.19%,0.1491
2019/11/22,9463.69,2.33,15.63,4055.35,15.69%,605.6,12.34%,0.1491
2019/11/29,9416.33,2.32,15.54,4058.21,15.79%,606.02,12.39%,0.1493
2019/12/06,9650.22,2.37,15.87,4073.23,16.13%,608.27,13.09%,0.1493
2019/12/13,9758.82,2.4,16.04,4074.49,16.36%,608.55,13.10%,0.1496
2019/12/20,10025.48,2.46,16.48,4072.45,16.55%,608.25,13.06%,0.1493
2019/12/27,9978.03,2.45,16.39,4075.53,16.05%,608.71,12.80%,0.1495
2020/01/03,10352.64,2.54,17.01,4070.79,16.29%,608.5,12.85%,0.1493
2020/01/10,10474.84,2.57,17.16,4082.58,15.92%,610.26,12.25%,0.1498
2020/01/17,10409.45,2.55,17.09,4083.47,15.44%,609.05,11.64%,0.1492
2020/01/23,9783.97,2.4,16.11,4070.41,15.59%,607.14,11.29%,0.149
2020/02/07,9360.62,2.3,15.41,4073.7,15.16%,607.63,11.18%,0.1493
2020/02/14,9696.89,2.37,15.94,4085.03,15.58%,608.18,11.14%,0.1487
2020/02/21,10063.88,2.47,16.58,4077.02,14.78%,606.99,10.47%,0.149
2020/02/28,9507.7,2.33,15.65,4079.65,15.26%,607.38,11.01%,0.1489
2020/03/06,10083.06,2.47,16.59,4081.44,15.83%,607.65,11.33%,0.1489
2020/03/13,9415.33,2.31,15.54,4070.35,14.58%,606.0,10.59%,0.1486
2020/03/20,8654.25,2.11,14.29,4107.96,15.53%,605.6,10.39%,0.1477
2020/03/27,8782.41,2.14,14.65,4103.22,15.32%,599.33,10.13%,0.1461
2020/04/03,8795.12,2.14,14.58,4104.65,13.07%,603.26,9.90%,0.1468
2020/04/10,8990.55,2.18,14.82,4132.07,12.25%,606.83,8.86%,0.1471
2020/04/17,9067.4,2.2,14.97,4123.66,11.37%,605.59,8.82%,0.147
2020/04/24,9053.62,2.16,14.21,4190.27,12.47%,637.16,14.78%,0.152
2020/04/30,9350.42,2.23,14.97,4202.35,12.26%,624.62,15.46%,0.149
2020/05/08,9563.22,2.27,15.28,4209.62,9.38%,625.7,11.94%,0.1486
2020/05/15,9449.76,2.23,15.09,4231.14,9.59%,626.39,11.84%,0.1478
2020/05/22,9234.9,2.11,14.75,4382.09,13.60%,626.19,11.78%,0.1431
2020/05/29,9355.63,2.14,14.91,4366.17,13.79%,627.66,12.12%,0.1435
2020/06/05,9749.18,2.25,15.51,4337.92,13.70%,628.53,12.11%,0.1451
2020/06/12,9655.27,2.25,15.42,4283.07,12.54%,626.19,11.54%,0.1459
2020/06/19,9865.31,2.48,15.82,3982.01,4.90%,623.42,11.20%,0.1568
2020/06/24,9893.16,2.51,15.89,3946.59,4.84%,622.57,8.86%,0.158
2020/07/03,10698.18,2.74,17.32,3909.1,4.85%,617.6,8.39%,0.1582
2020/07/10,11340.2,2.92,18.47,3877.08,4.44%,614.05,8.15%,0.1581
2020/07/17,11060.45,2.85,17.98,3878.05,5.02%,615.08,8.13%,0.1585
2020/07/24,10944.44,2.81,17.37,3893.6,5.72%,630.15,10.97%,0.1618
2020/07/31,11323.73,2.91,17.97,3895.97,5.66%,630.24,10.88%,0.1619
2020/08/07,11270.74,2.9,17.93,3883.49,4.96%,628.44,10.04%,0.1617
2020/08/14,11458.9,2.96,18.28,3875.19,5.02%,626.78,9.31%,0.1619
2020/08/21,11492.64,2.97,18.37,3869.47,5.85%,625.7,8.98%,0.1617
2020/08/28,11980.78,3.06,19.16,3917.78,7.13%,625.15,7.74%,0.1597
2020/09/04,11782.77,2.96,18.81,3983.86,2.86%,626.47,8.15%,0.1574
2020/09/11,11363.26,2.85,18.12,3987.54,5.44%,627.05,6.45%,0.1573
2020/09/18,11627.68,2.91,18.5,3996.1,5.70%,628.4,6.71%,0.1573
2020/09/25,11159.06,2.79,17.75,3997.9,5.91%,628.68,6.92%,0.1572
2020/09/30,11241.67,2.81,17.89,3995.73,3.54%,628.34,6.90%,0.1571
2020/10/09,11419.16,2.86,18.17,3997.37,4.32%,628.6,7.61%,0.1574
2020/10/16,11866.94,2.98,18.91,3984.29,4.03%,627.66,7.50%,0.1576
2020/10/23,11785.92,2.93,18.14,4023.58,1.14%,649.83,8.45%,0.1615
2020/10/30,11951.27,2.88,18.18,4154.09,1.68%,657.23,7.73%,0.1584
2020/11/06,12759.83,3.01,18.98,4239.79,3.93%,672.12,10.33%,0.1586
2020/11/13,12749.29,3.01,18.94,4237.22,4.29%,672.99,10.93%,0.1589
2020/11/20,13147.41,3.11,19.56,4231.46,4.34%,672.08,10.98%,0.159
2020/11/27,13101.0,3.11,19.54,4215.92,3.89%,670.32,10.61%,0.1592
2020/12/04,13255.97,3.14,19.75,4222.08,3.65%,671.3,10.36%,0.159
2020/12/11,12737.0,3.03,19.05,4204.98,3.20%,668.58,9.86%,0.1591
2020/12/18,12998.35,3.09,19.46,4200.38,3.14%,667.92,9.81%,0.1588
2020/12/24,12940.4,3.08,19.35,4205.32,3.18%,668.71,9.86%,0.1592
2020/12/31,13488.62,3.21,20.18,4203.39,3.26%,668.4,9.84%,0.1591
2021/01/08,14547.41,3.47,21.83,4190.62,2.65%,666.37,9.19%,0.159
2021/01/15,14171.2,3.36,21.13,4217.91,3.29%,670.55,10.10%,0.159
2021/01/21,14353.92,3.41,20.16,4211.47,3.47%,711.89,17.25%,0.1691
2021/01/29,13983.72,3.34,21.15,4192.42,2.91%,661.25,8.82%,0.1579
2021/02/05,14662.82,3.49,21.88,4201.56,2.85%,670.17,10.19%,0.1595
2021/02/10,15662.66,3.73,23.41,4204.34,3.12%,668.97,10.21%,0.1593
2021/02/19,15527.85,3.69,23.22,4203.35,3.03%,668.81,10.11%,0.1589
2021/02/26,14149.21,3.35,21.05,4224.77,3.51%,672.22,10.63%,0.1591
2021/03/05,13846.64,3.28,20.62,4221.57,3.72%,671.56,10.82%,0.1591
2021/03/12,13529.34,3.2,19.97,4230.22,2.98%,677.35,11.85%,0.1602
2021/03/19,13321.55,3.14,19.61,4243.2,3.41%,679.43,13.36%,0.1601
2021/03/26,13346.46,3.14,19.69,4254.42,3.65%,677.75,12.35%,0.1595
2021/04/02,13748.65,3.17,19.81,4338.95,5.01%,694.16,14.39%,0.16
2021/04/09,13207.97,3.05,19.05,4333.6,5.09%,693.31,14.49%,0.1601
2021/04/16,13090.99,3.02,18.86,4334.21,3.44%,693.98,8.92%,0.1601
2021/04/23,13663.44,3.13,20.02,4368.47,3.95%,682.58,9.28%,0.1563
2021/04/26,13474.94,3.08,19.7,4374.71,3.92%,684.14,9.34%,0.1563
2021/04/23,13663.44,3.13,20.02,4368.47,3.25%,682.58,8.97%,0.1563
2021/04/30,13640.7,3.02,18.72,4512.62,2.98%,728.78,16.38%,0.1613
2021/05/07,13232.71,2.94,18.18,4506.8,3.22%,727.84,15.96%,0.1617
2021/05/14,13333.41,2.98,18.39,4481.43,3.31%,724.87,15.33%,0.162
2021/05/21,13546.21,3.04,18.69,4458.55,4.10%,724.9,15.76%,0.1627
2021/05/28,13849.24,3.12,19.16,4432.05,11.30%,722.86,15.95%,0.1628
2021/06/04,13682.03,3.11,19.02,4403.9,11.59%,719.42,15.56%,0.1635
2021/06/11,13124.04,2.99,18.25,4383.15,12.13%,719.13,16.44%,0.1638
2021/06/18,12702.08,2.69,17.55,4716.18,21.64%,723.72,17.86%,0.1533
2021/06/25,12938.46,2.76,17.97,4688.44,20.90%,720.06,17.07%,0.1536
2021/07/02,12499.0,2.66,17.36,4693.59,20.55%,720.16,14.28%,0.1532
2021/07/09,12096.11,2.6,16.73,4644.62,19.22%,722.81,14.69%,0.1554
2021/07/16,12360.13,2.67,17.13,4635.69,19.37%,721.42,14.80%,0.1559
2021/07/23,12128.3,2.63,16.87,4613.1,19.04%,718.96,14.71%,0.1559
2021/07/30,10974.41,2.36,15.1,4647.52,20.11%,726.97,16.19%,0.1563
2021/08/06,11296.42,2.42,15.48,4666.01,19.10%,729.86,16.75%,0.1563
2021/08/13,11697.78,2.51,15.97,4658.64,16.94%,732.56,16.93%,0.1572
2021/08/20,11188.4,2.38,15.24,4708.04,18.07%,734.16,17.08%,0.1562
2021/08/27,10958.94,2.39,14.75,4590.19,14.87%,743.1,18.25%,0.162
2021/09/03,11130.09,2.42,14.73,4591.78,14.85%,755.51,20.17%,0.1643
2021/09/10,11501.07,2.52,15.29,4571.99,14.42%,752.25,19.72%,0.1648
2021/09/17,11083.45,2.43,14.75,4566.01,14.23%,751.27,19.51%,0.1647
2021/09/24,10910.03,2.39,14.51,4570.13,14.70%,751.93,19.80%,0.1647
2021/09/30,11254.65,2.45,14.92,4584.74,13.95%,754.57,16.12%,0.1642
2021/10/08,11545.46,2.52,15.29,4587.8,10.44%,755.07,14.89%,0.1648
2021/10/15,11498.73,2.51,15.23,4587.81,8.21%,755.01,12.33%,0.1648
2021/10/22,11613.1,2.51,15.24,4631.56,9.31%,761.94,13.22%,0.1647
2021/10/29,11100.26,2.31,15.05,4801.6,13.47%,737.43,9.72%,0.1535
2021/11/05,10988.53,2.24,14.77,4902.71,16.29%,743.84,10.97%,0.1517
2021/11/12,11090.59,2.26,14.9,4906.54,16.21%,744.53,10.91%,0.1517
2021/11/19,11183.17,2.29,15.08,4887.15,16.22%,741.78,10.95%,0.1519
